names,
MotherAndBaby,
CBumfry,
jacobroecker,
theJeremyVine,
FreeRangeKids,
newzealand,
newzealandnews,
HelenClarkNZ,
ThreeNewZealand,
MrsGinaTaylor,
LifeofDadShow,
SillySheep,
beth_robins,
suelloydtcrw,
JSmithBrock,
parenting,
parentsmagazine,
mothershmoo,
DrLauraMarkham,
crista2010,
realhappyguy,
DeadNed88,
ClearlyMarshall,
michaelshermer,
JonHaidt,
glukianoff,
mdimarco,
angie_rm22,
SMOKEYFORMBY,
HTIToys,
KiddyCharts,
motherhoodreal,
DiaryOfTheDad,
ukparentblogger,
The_dadventurer,
Devon_Mama,
oddhogg,
MumSomeone,
goriami,
momsfocus,
ModernMom,
freewomenxgrape,
ItsAMothersLife,
MsMsaclark,
ZURUToys,
Hazelrush54,
BeckyEanes,
RobynLynnRodge1,
bendwavy,
jeffrinek,
sweetmatcha,
Remys_Dad,
mamasmiles,
BethDimauro,
AngeliqueFelix,
JodiAman,
mompanionship,
mktldr,
GMA,
ErielleReshef,
JoelOsteen,
generousgems,
SLObot60,
HuffPostParents,
crichton18,
rywa4,
